https://www.amazon.com/,503,503
http://myshopify.com,404,403
https://www.instagram.com/accounts/login/,429,429
https://www.canva.com/,403,403
https://www.so.com?src=haosou.com,400,400
https://www.so.com?src=so.com,400,400
http://163.com,TCPTimeout,504
http://padlet.com,503,503
https://www.shutterstock.com:443/,406,406
https://quizlet.com/,403,403
http://zhihu.com,403,504
http://myworkday.com,TCPTimeout,504
https://www.binance.com/,403,403
https://www.washingtonpost.com/,403,403
https://chouftv.ma/,403,403
https://www.realtor.com/,403,403
https://www.etoro.com/,403,403
https://www.chegg.com/,403,403
http://51yes.com,400,400
https://allegro.pl/,403,403
http://cnnic.cn,TCPTimeout,TimeoutError
http://sonhoo.com,503,504
https://shaparak.ir/,500,500
https://www.naukri.com/,403,403
https://www.leboncoin.fr/,403,403
https://www.sahibinden.com/,429,429
https://www.dell.com/,403,403
http://shimo.im,TCPTimeout,504
https://www.cambridge.org/,520,520
http://bbcollab.com,TCPTimeout,TimeoutError
http://rakuten.com,TimeoutError,504
http://patch.com,403,504
http://pulzo.com,TCPTimeout,504
http://dspultra.com,404,404
https://ozon.ru/,403,403
http://storage.googleapis.com,400,400
https://www.yoox.com/,403,403
http://rarbg.to,403,403
http://gusuwang.com,403,TimeoutError
http://doordash.com,403,504
http://www.gstatic.com/,404,404
https://www.pexels.com/,403,403
https://www.secureserver.net/,404,404
https://www.kickstarter.com/,403,403
https://pixabay.com/,403,403
https://www.kraken.com/,503,503
https://www.wiley.com/,403,403
http://alicdn.com,TCPTimeout,503
https://stockx.com/,403,403
https://www.waveapps.com/,403,403
https://blackboardcdn.com/,403,403
https://europa.eu/,503,503
http://eee114.com,404,404
http://justdial.com,403,403
https://www.coinbase.com/,403,403
https://globalsources.com/,405,405
http://chaduo.com,404,503
http://mybigcommerce.com,TCPTimeout,504
https://www.ign.com/,403,403
https://opensooq.com:443/,404,404
http://kijiji.ca,403,403
https://www.discogs.com/,503,503
http://chinajsq.cn,TCPTimeout,503
http://bancobai.ao,404,504
http://users.wix.com,403,403
https://www.championat.com/,403,403
https://www3.animeflv.net/,403,403
https://www.mercari.com/,403,403
https://www.capterra.com/,403,403
https://byjus.com/,403,403
http://sii.cl,TCPTimeout,503
https://upbit.com/,503,TimeoutError
http://static1.squarespace.com,404,404
http://9anime.to,401,500
https://www.dreamstime.com/,403,403
http://mojifen.com,503,503
https://jut.su/,403,403
https://pdfdrive.com/,403,403
http://tci.ir,TCPTimeout,503
https://rollercoin.com/,403,403
https://www.hotbit.io/,503,503
https://znanija.com/,403,403
http://srvtrck.com,503,503
https://www.amazon.com.mx/,503,503
http://cardinalcommerce.com,TimeoutError,TimeoutError
http://wal-mart.com,TCPTimeout,503
http://hasil.gov.my,TCPTimeout,503
https://www.retailmenot.com,403,403
https://brainly.com/,403,403
http://nicsorts-accarade.com,404,404
https://olx.com.br/,403,403
http://verajohn.com,403,403
https://womply.com/,403,403
http://7po.com,TCPTimeout,503
http://kmail-lists.com,404,404
https://www.toppr.com/,403,403
http://paytm.in,TCPTimeout,504
http://zazzle.com,403,504
http://discuss.com.hk,403,504
https://www.mobile01.com/,403,403
https://v2ex.com/,404,404
https://www.kaggle.com/,404,404
https://www.ticketmaster.com/,403,403
http://absher.sa,TCPTimeout,504
https://247sports.com/,403,403
http://fanlibang.com,TCPTimeout,TimeoutError
https://www.wallstreetforum.net,403,403
https://www.gartner.com/,403,403
https://www.news18.com/,403,403
http://offerup.com,403,403
http://www.selfridges.com:80/,403,403
http://gva.es,503,503
https://www.bnokonline.com/,500,500
http://maisonmargiela.com,400,400
http://dutorterraom.com,404,404
https://tiki.vn/,404,404
https://iranserver.com/,503,503
https://www.priceline.com/,403,403
http://gamersky.com,TCPTimeout,503
https://www.britishcouncil.org/,403,403
http://blockfi.com,403,403
https://www.unam.mx,403,403
http://mlsmatrix.com,400,400
https://www.veepee.fr/authentication/,403,403
https://enamad.ir/,500,500
http://e-taxes.gov.az,TCPTimeout,503
https://www.fragrantica.com/,429,429
https://hotmo.org/,403,403
http://iam.gov.sa,TCPTimeout,503
http://rarbggo.org,403,403
https://www.transfermarkt.com/,404,404
http://www.gamestop.com:80/,403,504
http://pushails.com,404,404
https://www.sonyliv.com,403,403
http://jianshu.com,TCPTimeout,504
http://gfan.com,TCPTimeout,504
http://nat.gov.tw,TCPTimeout,504
http://oa.com,404,404
https://www.multitran.com/,403,403
http://lihkg.com,403,403
https://kogeka.sharepoint.com/,403,403
https://www.whitepages.com/,403,403
https://hostgator.in/,403,403
http://7gz.com,403,503
http://cloudscar.com,TCPTimeout,503
https://www.masterclass.com/,403,403
https://www.newsweek.com/,403,403
http://wax.io,403,403
https://faselhd.pro/home,503,503
https://www.ouest-france.fr,403,403
http://intuit.ca,TCPTimeout,503
https://codepen.io/,403,403
http://cloudsign.jp,TCPTimeout,503
http://carvana.com,403,403
https://www.popsugar.co.uk/,403,403
https://deref-gmx.net/,404,404
https://www.walmart.com.mx/,403,403
http://nordaccount.com,403,403
https://www.investors.com/,403,403
https://www.barchart.com/,403,403
http://ewaybillgst.gov.in,TCPTimeout,503
http://reverb.com,403,403
https://nexo.io/,503,503
https://www.euronews.com/,TimeoutError,TimeoutError
http://ap.gov.in,TCPTimeout,503
http://cheshi.com,TCPTimeout,503
http://ijie.com,TCPTimeout,503
https://www.zeit.de/index,403,403
https://glosbe.com/,429,429
https://musavat.com/,403,403
http://herdcowhas.icu,404,404
http://uhaul.com,403,403
http://lotsnippier.cam,404,404
https://www.rusprofile.ru/,403,403
http://homedepot.ca,403,403
https://banzaijapan.jp/,403,403
https://tirto.id/,503,503
https://www.99acres.com/,418,412
http://sweetwater.com,403,403
https://ahram.org.eg/,403,403
http://worthpoint.com,403,403
http://onlinemektep.org,TCPTimeout,503
https://qubit.life/,503,503
https://www.fanfiction.net/,403,403
https://rateyourmusic.com/,503,503
http://mca.gov.in,403,403
https://searchmes.xyz/,403,403
https://www.ria.com/,403,403
https://www.powerthesaurus.org/,403,403
http://brassring.com,TCPTimeout,503
http://51ade.com,TCPTimeout,TimeoutError
http://5i8xkqjmqubv.top,401,401
http://netpnb.com,TCPTimeout,503
https://www.swiggy.com:443/,403,403
http://arukikata.co.jp,403,403
https://ficbook.net/,403,403
http://biccamera.com,TCPTimeout,503
http://progressive.com,TCPTimeout,503
https://wallpapercave.com/,503,503
http://cardiagn.com,403,403
http://almalnews.com,403,403
https://fitgirl-repacks.site/,403,403
https://www.mydealz.de/,403,403
http://hamyarwp.com,503,503
http://slader.com,403,403
https://www.neimanmarcus.com/,403,403
https://forms.gle/,400,400
https://www.audacy.com/,403,403
https://hpjav.tv/,503,503
http://thebestgame2020.com,403,403
http://proxyrarbg.org,403,403
https://www.owler.com/,503,503
https://www.therealreal.com/,403,403
http://baskino.me,500,502
https://www.athome.co.jp/,405,405
https://www.fnac.com/,403,403
https://www.cardekho.com:443/,403,403
http://zhangyu.tv,TCPTimeout,503
http://chinamenwang.com,TCPTimeout,503
http://nikkansports.com,404,404
http://angonoticias.com,TCPTimeout,503
https://sefon.pro/,403,403
https://kissasian.li/,503,503
https://connexion.enthdf.fr?callBack=https%3A%2F%2Fenthdf.fr%2F,400,400
https://yggtorrent.li/,503,503
http://www.dickssportinggoods.com/,503,503
https://mektebeqebul.edu.az/az/,503,503
https://aternos.org/,403,403
http://gmanga.me,403,403
https://www.anthropologie.com/,403,403
http://maximus-time.com,404,404
https://theonlygames.com/,403,403
https://streameast.live/,403,403
http://similarweb.com,403,403
http://wstream.video,403,403
http://telangana.gov.in,TCPTimeout,503
https://best.egybest.film/egbest/,404,404
http://aristo-hag.com,400,400
https://marinetraffic.com/,403,403
https://networksolutions.com/,403,403
https://www.atptour.com/,403,403
http://dhlglobalmail.com,TCPTimeout,503
http://bubuko.com,503,503
https://www.heureka.cz/,403,403
http://dollskill.com,403,403
http://chinabus.info,TCPTimeout,503
https://awsapps.com/,403,403
http://kojinbango-card.go.jp,TCPTimeout,504
https://www.resetera.com/,403,403
http://alwafd.news,403,403
http://p30download.ir,403,403
http://www.coupons.com,403,403
https://www.car.gr/,403,403
http://curseforge.com,403,403
http://economia.gov.br,TCPTimeout,503
http://ohio.gov,404,504
https://www.seloger.com/,403,403
https://cimaclub.store/,520,520
https://www.firstpost.com/,403,403
https://www.openrice.com/,502,502
http://darenjarvis.pro,404,404
https://www.cpacanada.ca/,403,403
https://www.seeking.com/,403,403
http://jigyou-saikouchiku-shinsei.jp,TCPTimeout,504
http://www.indusind.com/,406,504
http://mydigit.cn,400,504
http://bayt.com,403,504
http://icook.tw,403,504
https://offclaydolon.com/,404,404
https://www.costco.ca/,403,403
https://maville.com/,403,403
https://cpasmal.org/,503,503
https://sanfoundry.com/,403,403
http://whatismyip.com,403,403
https://www.jumia.com.eg/,403,403
http://ofweek.com,403,504
http://nolo.com,403,504
https://wallpaperaccess.com/,503,503
https://craft.co/,503,503
https://www.domain.com.au/,403,403
https://www.axs.com/,403,403
https://www.thekitchn.com/,403,403
http://pccomponentes.com,403,403
https://flixtor.to/,503,503
http://myschoolapp.com,403,403
https://elgenero.com/,403,403
http://turo.com,403,403
http://resy.com,TCPTimeout,504
http://mercadolibre.com.uy,403,504
https://couponxoo.com/,403,403
http://ac-montpellier.fr,404,404
https://bogged.finance/,403,403
https://www.harrods.com/,403,403
https://www.huffpost.com/,403,403
https://www.huffpost.com/,403,403
https://www.manhuagui.com/,410,410
https://sstatic.co/,404,404
http://doublepimp.com,503,503
http://qhyhgf.com,TCPTimeout,503
https://www.pagesjaunes.fr/,403,403
http://aloha-news.net,404,404
https://mydigipay.com/,403,403
https://www.carsforsale.com/,403,403
https://sofi.com/,403,403
https://idealista.com/,403,403
https://www.hsn.com/,403,403
https://tiktok-max.com/,403,403
https://niche.com/,403,403
https://www.soccerway.com/,403,403
https://best2020-games-web1.com/,403,403
http://occt.ru,403,403
https://www.marni.com/,403,403
http://spaggiari.eu,404,404
https://altadefinizionecommunity.net/,503,503
https://lowyat.net/,403,403
http://gem.gov.in,TCPTimeout,TimeoutError
https://www.crunchbase.com/,403,403
https://www.appannie.com/,503,503
http://deg.gov.tm,TCPTimeout,504
http://fragrantica.ru,403,504
http://inss.gov.br,TCPTimeout,504
http://blogsky.com,403,504
http://gizmochina.com,403,504
http://fxstreet.com,403,403
http://bgeneral.com,TCPTimeout,503
http://csc.gov.in,TCPTimeout,503
http://chinadd.cn,TCPTimeout,503
https://www.eldiariomontanes.es/,429,429
http://bitcoinpower.win,503,503
https://www.spectrum.com/,403,403
https://www.alaskaair.com/,403,403
https://www.ssrn.com/,403,403
https://sportsbet.io/,403,403
http://animefire.net,403,403
http://bitdeer.com,403,403
http://business2community.com,403,403
https://animedao.to/,503,503
https://letscorp.net/,522,522
http://msftconnecttest.com,TCPTimeout,503
https://tecnoblog.net/,503,503
https://studocu.com/,403,403
http://7ho.st,503,503
https://africellcloud-my.sharepoint.com/,403,403
http://bunnycdn.ru,403,403
https://suspercollate.com/,403,403
http://rarbgprx.org,403,403
http://revolucaoketo.com,TCPTimeout,503
http://acesso.gov.pt,TCPTimeout,503
http://up.ac.za,TCPTimeout,503
http://80vps.com,403,503
http://dzsc.com,TimeoutError,503
https://www.seattletimes.com/,TimeoutError,TimeoutError
http://hangzhou.gov.cn,TCPTimeout,TimeoutError
http://ibabyzone.cn,TCPTimeout,504
http://tpsl-india.in,404,504
http://hinative.com,403,504
https://vlxx.xyz/,403,403
http://drupal.org,403,403
http://online.tm,404,404
https://zt-za.net/,403,403
https://www.g2.com/,403,403
https://www.trustradius.com/,403,403
https://b.azlyrics.com/?u=/,403,403
http://tencent.com,TCPTimeout,504
http://imss.gob.mx,403,403
https://zipextractor.app/,403,403
http://fcomet.com,TCPTimeout,504
http://baixing.com,TimeoutError,504
http://dapenti.com,403,504
http://www.evite.com/,403,403
https://hallifordschool-my.sharepoint.com/,403,403
https://www.pmi.org/,403,403
http://browserfast.online,403,403
https://www.nuevoloquo.com/,520,520
https://novelupdates.com/,403,403
http://groupseotool.com,503,504
http://chatmilkprude.casa,404,404
https://www.funimation.com/,403,403
https://omnivox.ca/,404,404
http://plaync.com,TCPTimeout,503
https://www.ttshow.tw/,503,503
http://hicloud.com,TCPTimeout,504
http://playmsn.com,TCPTimeout,504
http://eastpassion.com,TCPTimeout,504
http://getapp.com,403,504
https://www.hostinger.ae/,503,503
https://www.vokrug.tv/,520,520
https://janamtv.com/,403,403
http://mangafreak.net,503,503
https://forocoches.com/,403,403
http://evenads.com,403,403
https://idbibank.co.in/,404,404
http://w3ctech.com,403,504
http://itslfr-aws.com,TCPTimeout,504
http://cryptoland.com,403,504
http://pep.com.cn,TCPTimeout,504
https://avamovie.me/,503,503
http://arcot.com,TCPTimeout,TimeoutError
https://andar.co.kr/,403,403
https://www.000webhost.com/migrate?static=true,403,403
https://bible.com/,403,403
http://modthesims.info,403,403
http://tlauncher.org,403,403
https://www.couponcabin.com/,403,403
https://www.netzwelt.de/,405,405
https://www.apkmirror.com/,403,403
https://www.cw.com.tw/,403,403
http://000webhost.com,503,504
http://sciencedaily.com,403,403
https://epey.com/,403,403
http://kknews.cc,403,403
https://whowhatwear.com/,403,403
https://bsh-group.com/,400,400
http://sfu.ca,TCPTimeout,504
http://mca.gov.cn,TCPTimeout,503
http://temp-mail.org,403,403
http://ecv360.com,403,503
http://antfinancial-corp.com,TCPTimeout,503
http://betgorebysson.club,403,403
https://www.thomasnet.com:443/,403,403
http://ed.ac.uk,TCPTimeout,504
https://www.rd.com/,403,403
https://www.leroymerlin.fr/,403,403
http://shinhancard.com,TimeoutError,403
http://betonline.ag,403,403
https://www.tasteofhome.com/,403,403
https://www.pngitem.com/,403,403
https://identity.getpostman.com?continue=https%3A%2F%2Fpostman.co%2F,400,400
https://rarbgmirror.com/,403,403
https://zwyr157wwiu6eior.com/,404,404
https://www.volaris.com/,403,403
http://ymag.cloud,TCPTimeout,503
http://nojima.co.jp,TCPTimeout,503
https://www.eraldo.com/,503,503
http://noon.partners,TCPTimeout,503
https://wallex.ir/,503,503
http://alahlynet.com.eg,TCPTimeout,TimeoutError
https://yabancidizi.pw/,503,TimeoutError
https://www.vetogate.com/,503,TimeoutError
http://verifiedbyvisa.com,TCPTimeout,504
http://bkiconnect.com,TCPTimeout,504
http://adsrvtrk.biz,404,504
https://coloringhome.com/,503,503
https://www.lulus.com/,403,403
https://muzofond.fm/,403,403
http://fastpeoplesearch.com,403,403
http://salud.gob.mx,TCPTimeout,504
http://edu.sh.cn,TCPTimeout,504
http://enotes.com,403,504
http://bobibanking.com,TCPTimeout,504
http://findglocal.com,403,403
https://movs4u.in/,503,503
https://www.freepeople.com/,403,403
http://yeah.net,TCPTimeout,503
https://coinlist.co/,403,403
https://www.rocketpunch.com:443/,404,404
http://luckyforbet.com,403,403
http://sewer.ip138.com/,404,503
https://www.saksoff5th.com/,403,403
https://www.sporcle.com:443/,403,403
https://bitcasino.io/,503,503
https://libguides.com/,429,429
http://pnbibanking.in,TCPTimeout,504
http://esmplus.com,TCPTimeout,504
http://codeinwp.com,403,504
http://aftodioikisi.gr,403,504
http://wine-searcher.com,403,403
https://www.maxpreps.com/,403,403
https://www.plus500.com/,406,406
https://www.apartmenttherapy.com/,403,403
https://www.propertyguru.com.sg:443/,403,403
http://samandehi.ir,403,403
https://tophub.today/,503,503
https://asiatech.ir:443/,500,500
http://agenciatributaria.es,TCPTimeout,503
http://aeolservice.es,403,403
https://www.goodrx.com/,403,403
http://downloadsfreefile.com,406,406
https://adobe.sharepoint.com/,403,403
http://ahamo.com,TCPTimeout,503
http://lectortmo.com,403,403
http://wallethub.com,403,403
http://qu.edu.qa,TimeoutError,504
http://adliran.ir,TCPTimeout,403
https://www.cameo.com/,403,403
http://8080.net,403,403
http://macromill.com,TCPTimeout,504
http://zdusercontent.com,TCPTimeout,504
https://www.lokmat.com/,403,403
https://financesonline.com/,403,403
http://netdna-ssl.com,404,404
http://thriftbooks.com,403,403
https://www.cb2.com/,403,403
https://baku.ws/,403,403
https://ilikecomix.com/home-en/,403,403
http://vcrypt.net,403,403
http://azertag.az,503,503
http://humisnee.com,403,403
http://veritrans.co.jp,TCPTimeout,504
http://dizibox.vip,403,403
http://innofact-umfrage3.de,403,403
https://www.truthfinder.com/,503,503
https://www.transfermarkt.de/,404,404
http://juicyads.com,403,403
http://clustrmaps.com,403,403
https://www.build.com/,403,403
http://gigya.com,TCPTimeout,503
http://bicentenariobu.com.ve,TCPTimeout,TimeoutError
http://downloadly.ir,403,504
http://sportsmansoutdoorsuperstore.com,403,504
http://kinsta.cloud,522,522
http://hackstore.net,403,504
https://hotpads.com/,403,403
https://megapesni.com/,403,403
https://bouqs.com/,403,403
https://jacquieetmicheltv.net/,403,403
http://serpant.in,TCPTimeout,503
http://totalwine.com,403,403
https://freemining.co/,503,503
http://irancell.ir,TCPTimeout,503
https://budsgunshop.com/,403,403
https://www.footlocker.eu/gdpr,403,403
http://rarbgget.org,403,403
http://wallst.com,TCPTimeout,503
https://studio.co.uk/,403,403
https://mvnrepository.com/,403,403
https://www.vonage.com/,403,403
https://www.allkpop.com/,403,403
https://www.zolo.ca/,403,403
https://freegpl.com/,503,503
https://www.pepperfry.com/,403,403
http://babylon.com,TCPTimeout,503
https://www.zalando.es/,TimeoutError,TimeoutError
https://nulleb.com/,403,403
https://mitiendanube.com/,410,410
http://names.org,403,403
https://admhmao.ru/,403,403
https://adobe-my.sharepoint.com/,403,403
http://global-free-classified-ads.com,503,403
https://deref-gmx.com/,404,404
http://ff-02.com,TCPTimeout,503
http://iwan4399.com,TCPTimeout,503
http://link2gov.com,TCPTimeout,503
https://www.tiffany.com/,403,403
http://zxxk.com,405,503
https://www.bleepingcomputer.com/,404,404
http://zopim.io,403,403
https://www.vudu.com/,400,400
https://www.galerieslafayette.com,403,403
https://betway.com/,403,403
https://www.se.com/,TimeoutError,TimeoutError
https://www.alexandalexa.com/,503,503
https://coinone.co.kr/,503,503
http://wethrift.com,403,403
http://alibaba-inc.com,TCPTimeout,503
http://suny.edu,503,504
http://highlow.com,403,504
http://author.today,503,504
http://your-server.de,403,403
http://truepeoplesearch.com,403,403
https://www.jumia.ma/,403,403
http://csccloud.in,TCPTimeout,504
https://www.delltechnologies.com/,403,403
http://liveadexchanger.com,403,403
http://chinamobile.com,TCPTimeout,503
https://www.lumendatabase.org/,429,429
https://www.games-workshop.com/,403,403
https://kikinote.net/,503,503
http://caradisiac.com,TCPTimeout,503
http://sbipg.sbi,TCPTimeout,503
https://igram.io/,503,503
https://www.gardeningknowhow.com/,403,403
https://manofmany.com/,403,403
http://securesuite.co.uk,TCPTimeout,503
https://floryday.com/,406,406
https://minecraftskins.com/,403,403
http://www.sarenza.com,403,403
https://xueqiu.com/,403,403
https://officerakuten.sharepoint.com/,403,403
http://amac.org.cn,TCPTimeout,503
http://xtremcloud.cloud,TCPTimeout,503
https://www.banki.ru/,429,429
http://co-vin.in,403,403
http://ruc.edu.cn,TCPTimeout,503
https://www.realself.com/,403,403
http://gujarat.gov.in,TCPTimeout,503
https://rst.ua/,403,403
https://predictz.com/,403,403
https://www.yqhyy.com/,0,0
https://www.intercity.pl,500,500
https://softwaretestinghelp.com/,403,403
https://samakal.com/,503,503
https://www.baby-kingdom.com/,403,403
http://booksusi.com,503,503
http://titech.ac.jp,TCPTimeout,503
https://www.finder.com/,403,403
http://ssactivewear.com,403,403
https://www.kwestiasmaku.com/,403,403
http://eglobal.com.mx,TCPTimeout,503
https://shortener.secureserver.net/error_404,404,404
http://fashion-press.net,TCPTimeout,504
http://medmeeting.org,403,504
http://ename.com,403,504
http://getdroidtips.com,403,403
https://www.qconcursos.com/,403,403
http://relax2play.com,TCPTimeout,503
http://sinaimg.cn,403,503
https://mangalib.me/,503,TimeoutError
http://codedexchange.com,403,504
http://bikewale.com,403,504
http://shareit.com,404,504
https://iptorrents.com/login.php,503,503
http://sofmap.com,400,400
https://www.iittala.com/,503,503
https://my-pcscan.com/,404,404
https://www.bookmyshow.com/,503,503
http://bnc.com.ve,TCPTimeout,504
http://datasus.gov.br,TCPTimeout,504
http://tin-nsdl.com,TCPTimeout,504
http://marketodesigner.com,404,504
https://shotgunstudio.com:443/,404,404
http://philsys.gov.ph,403,403
https://www.mygovid.gov.au/,403,403
https://fanduel.com/,403,403
https://tidal.com/,403,403
https://www.themeslide.com/,403,403
https://www.thermofisher.com/,403,403
https://www.kindpng.com/,403,403
http://rarbgtorrents.org,403,403
http://plateau.com,TCPTimeout,503
https://fbsbx.com/,404,404
https://profit-bot.com/,403,403
http://cuc.edu.cn,TimeoutError,503
http://batdongsan.com.vn,403,403
https://bonprix.ru/,403,403
https://www.binged.com/,403,403
https://gezginler.net/,403,403
http://fiefionfortes.casa,404,404
https://www.stream2watch.la/,403,403
https://www.khaosod.co.th/,502,502
https://ethz.ch/,404,404
https://kogeka-my.sharepoint.com/,403,403
http://sonyentertainmentnetwork.com,404,404
https://www.flyert.com/,403,403
http://ewaybill.nic.in,TCPTimeout,503
http://g-fox.cn,403,503
http://templatemonsterpreview.com,404,404
http://atatech.org,TCPTimeout,503
http://rarbgtor.org,403,403
https://www.ericsson.com/en/about-us/company-facts/ericsson-worldwide/sweden,403,403
http://hurriyetemlak.com,503,503
http://drizly.com,403,403
https://simple.ripley.cl/,503,503
https://github-production-user-asset-6210df.s3.amazonaws.com/,403,403
https://dastelefonbuch.de/,402,402
https://www.torrentday.com/login.php,503,503
https://www.cityheaven.net/,403,403
http://bauhaus.com.tr,TCPTimeout,503
http://go2affise.com,TCPTimeout,503
http://viewsnet.jp,TCPTimeout,503
http://tax.gov.ir,TCPTimeout,503
http://pushauction.com,403,403
https://www.thehartford.com/,403,403
http://1001vieshabitat.fr,403,403
https://www.moneysupermarket.com/,503,503
https://www.bergdorfgoodman.com/,403,403
http://mskobr.ru,403,403
https://arvojournals.org/,403,403
https://caseys.ie/,500,500
http://im.academy,403,403
https://zvuch.com/,403,403
https://dr-farfar.com/,503,503
http://www.sankakucomplex.com/,401,401
http://ilbe.com,403,403
https://valueresearchonline.com/,403,403
http://publix.com,403,403
http://forever21.com,403,403
http://e-kreta.hu,TCPTimeout,TimeoutError
http://sdgxbys.cn,TCPTimeout,504
https://www.diariovasco.com/,429,429
http://christianivory.pro,404,404
https://www.polkastarter.com/,403,403
http://googletagmanager.com,400,400
http://xinshangmeng.com,TCPTimeout,503
https://www.vivense.com/,503,TimeoutError
http://geekbuy.cn,404,504
http://rso23.ru,TCPTimeout,504
http://lordonline.net,404,504
http://parade.com,403,403
http://onlinebank.com,TCPTimeout,503
https://www.mediamarkt.de/,403,403
http://iauec.ac.ir,TCPTimeout,404
https://helpscoutdocs.com/,404,404
http://infinitecampus.org,TCPTimeout,503
https://markitdigital.com/,404,404
http://axioscloud.it,523,523
https://dualmine.com/,403,403
https://www.lalpathlabs.com:443/,406,406
http://kiss-anime.ws,503,503
https://jane.app/,403,403
http://vorkers.com,403,403
https://monitorbacklinks.com/,403,403
https://www.interencheres.com/,503,503
http://servipag.com,523,523
http://recaptcha.net,404,404
http://strath.ac.uk,TCPTimeout,503
https://www.arrow.com/,TimeoutError,TimeoutError
https://www.canva.cn/,403,403
http://unito.it,TCPTimeout,503
http://369u.net,TCPTimeout,504
http://51edu.com,500,504
http://jpyoo.com,TCPTimeout,504
http://nonobank.com,TCPTimeout,504
http://pv-mall.com,TCPTimeout,TimeoutError
http://wifisong.com,TCPTimeout,TimeoutError
http://crea-go.org.br,403,403
https://www.hardmob.com.br/,403,403
http://batores-dimineer.com,404,504
http://on.cc,503,403
https://scolinfo.net/,403,403
https://www.saturn.de/,403,403
https://www.zonaprop.com.ar/,403,403
http://tradeogre.com,503,503
http://all3dp.com,403,403
http://rockstartpush.net,404,404
https://www.tamo.lt/,503,503
https://printful.com/,503,503
http://todhamilton.pro,404,404
https://www.reverbnation.com/,500,500
https://mkkq.xyz/,403,403
https://www.bjs.com/,403,403
https://paypal.sharepoint.com/,403,403
http://yummyanime.club,403,403
http://myloancare.com,TCPTimeout,503
http://ecitic.com,TCPTimeout,503
http://23yy.com,404,404
http://1rwd.com,403,403
http://state.co.us,TCPTimeout,503
https://www.zalando.pl/,TimeoutError,TimeoutError
http://123huodong.com,TCPTimeout,504
http://51daifu.com,403,504
http://ahalei.com,502,504
http://artronekp.net,401,504
http://bailingjie.cn,TCPTimeout,504
http://chinaname.cn,404,504
http://cnwnews.com,400,504
http://dbfansub.com,404,504
http://dyjdj.com,503,503
http://erun360.com,404,503
http://escience.cn,TCPTimeout,503
http://fabao365.com,TCPTimeout,TimeoutError
http://ganso.com.cn,TCPTimeout,TimeoutError
http://gleasy.com,TCPTimeout,504
http://haguan.com,500,504
http://htuidc.com,522,504
