400,400,login.yahoo.com?.src=ym&pspid=159600001&activity=mail-direct&.lang=en-US&.intl=us&.done=https%3A%2F%2Fmail.yahoo.com%2Fd%3F.intl%3Dus%26.lang%3Den-US
404,404,plesk.com/tel:0034944580658
409,409,archive.org/create
400,400,login.thesun.co.uk?gotoUrl=https://www.thesun.co.uk?login=true
403,403,mediafire.zendesk.com/hc/en-us
404,404,youronlinechoices.com/how_does_this_website_work.html
404,404,disney.com/creations
400,400,message.alibaba.com?tracelog=2020NewHeader_homepage_Message
400,400,business.trustpilot.com?utm_medium=consumer&utm_source=for_companies&utm_campaign=consumer_cta
400,400,login.yahoo.com?.src=ym&pspid=159600001&activity=mail-direct&.lang=en-GB&.intl=gb&.done=https%3A%2F%2Fmail.yahoo.com%2Fd
400,400,login.yahoo.com?.src=ym&pspid=159600001&activity=mail-direct&.lang=en-GB&.intl=gb&.done=https%3A%2F%2Fmail.yahoo.com%2Fd
400,400,login.yahoo.com?.src=ym&pspid=159600001&activity=mail-direct&.lang=en-GB&.intl=gb&.done=https%3A%2F%2Fmail.yahoo.com%2Fd
404,404,bloglovin.com/tos
401,401,privacyshield.gov/PrivacyShield/ApplyNow
400,400,twitter.com/rianru
400,400,twitter.com/daily_express
400,400,twitter.com
400,400,twitter.com
400,400,twitter.com
400,400,twitter.com
521,Err,beian.miit.gov.cn
400,400,login.yahoo.com?.src=ym&pspid=159600001&activity=mail-direct&.lang=en-GB&.intl=gb&.done=https%3A%2F%2Fmail.yahoo.com%2Fd
400,400,login.yahoo.com?.src=ym&pspid=159600001&activity=mail-direct&.lang=en-GB&.intl=gb&.done=https%3A%2F%2Fmail.yahoo.com%2Fd
400,400,login.yahoo.com?.src=ym&pspid=159600001&activity=mail-direct&.lang=en-GB&.intl=gb&.done=https%3A%2F%2Fmail.yahoo.com%2Fd
400,400,twitter.com/intent/tweet?text=The%20Keyword%20%40google&url=https://blog.google
Err,Err,login.orange.fr?return_url=https://www.orange.fr/portail
400,400,login.yahoo.com?.src=ym&pspid=159600001&activity=mail-direct&.lang=en-GB&.intl=gb&.done=https%3A%2F%2Fmail.yahoo.com%2Fd
400,400,login.yahoo.com?.src=ym&pspid=159600001&activity=mail-direct&.lang=en-GB&.intl=gb&.done=https%3A%2F%2Fmail.yahoo.com%2Fd
400,400,login.yahoo.com?.src=ym&pspid=159600001&activity=mail-direct&.lang=en-GB&.intl=gb&.done=https%3A%2F%2Fmail.yahoo.com%2Fd
404,404,asahi.com/shimen/20210519/index_tokyo_list.html
404,404,fifa.com/%7Bstore-url%7D
400,400,twitter.com/dotCO
